level_0,level_1,m/z,time,Intens.,SN,Quality Fac.,Res.,Area,Rel. Intens.,FWHM,Chi^2,Bk. Peak,Tail,id,name,hep/hhep,SAA/IS_SAA,tag,hep avg,hep std,hep CV,SAA avg,SAA std,SAA CV
6-1_0_A1_1,0,1523.358042484471,22223.270301882287,1190.0,1.118153140002145,,469.0150065291402,1237.94709542238,0.1891290527654164,3.247994245979044,,0.0,1,A01,6_1,0.09498171901326444,0.11485446265581013,6_1,0.09510262612737572,0.0001292551418838368,0.13591122258886826,0.057427231327905066,0.06139229265715197,106.90449676496976
6-1_0_A1_1,1,1538.228828701364,22329.7113024187,4613.0,11.75876866652598,,620.5611458365622,10778.3978680236,0.7331532104259377,2.478770769039557,,0.0,1,A01,,,,,,,,,,
6-1_0_A1_1,2,2792.22569676375,29945.189644944025,1443.0,1.235179847669326,,458.6949254185827,2856.786523108069,0.22933884297520662,6.087326329620281,,0.0,1,A01,,,,,,,,,,
6-1_0_A1_1,3,2819.73611168497,30090.106487953046,6292.0,14.25034056106738,,547.2263769472079,30077.22488902429,1.0,5.152778138026406,,0.0,1,A01,,,,,,,,,,
6-1_0_A2_1,0,1526.0,0.0,0.0,0.0,0,0.0,0.0,0.0,0.0,0,0.0,2,A02,6_1,0.09522353324148698,0.0,,,,,,,
6-1_0_A2_1,1,1537.784710772221,22326.539977157692,4065.0,12.4340994579255,,608.864875461155,10255.3021857567,0.5511117136659436,2.5256584387586836,,0.0,2,A02,,,,,,,,,,
6-1_0_A2_1,2,2790.82545871803,29937.794284605137,1448.0,1.482452861819879,,457.8434274796608,3696.324100008544,0.1963123644251627,6.095589215031397,,0.0,2,A02,,,,,,,,,,
6-1_0_A2_1,3,2819.758797464597,30090.22569354346,7376.0,18.15620236482011,,512.786014950174,38817.33825854437,1.0,5.498899570688536,,0.0,2,A02,,,,,,,,,,
6-2_0_A3_1,0,1526.0,0.0,0.0,0.0,0,0.0,0.0,0.0,0.0,0,0.0,3,A03,6_2,0.0,0.0,6_2,0.0,0.0,,0.0,0.0,
6-2_0_A3_1,1,1538.498468781482,22331.636503211656,3764.0,12.53826223050416,,656.5728365491885,8765.36169747639,0.5281324540479865,2.343225889251698,,0.0,3,A03,,,,,,,,,,
6-2_0_A3_1,2,2791.0,0.0,0.0,0.0,0,0.0,0.0,0.0,0.0,0,0.0,3,A03,,,,,,,,,,
6-2_0_A3_1,3,2820.153635342044,30092.30034633021,7127.0,22.28762793753111,,571.9148086765622,35015.41481913001,1.0,4.93107293701314,,0.0,3,A03,,,,,,,,,,
6-2_0_A4_1,0,1526.0,0.0,0.0,0.0,0,0.0,0.0,0.0,0.0,0,0.0,4,A04,6_2,0.0,0.0,,,,,,,
6-2_0_A4_1,1,1538.473209427739,22331.456161413473,3559.0,11.82331332114029,,625.194050986254,9244.990928506204,0.4635321698358948,2.460793104158256,,0.0,4,A04,,,,,,,,,,
6-2_0_A4_1,2,2791.0,0.0,0.0,0.0,0,0.0,0.0,0.0,0.0,0,0.0,4,A04,,,,,,,,,,
6-2_0_A4_1,3,2820.08671648393,30091.948735425085,7678.0,21.51168365105692,,542.6957570488046,38855.98999897387,1.0,5.196441431235144,,0.0,4,A04,,,,,,,,,,
6-3_0_A5_1,0,1526.0,0.0,0.0,0.0,0,0.0,0.0,0.0,0.0,0,0.0,5,A05,6_3,0.35110390546032455,0.0,6_3,0.3452348842801033,0.006274247557741842,1.8173851610694374,0.0,0.0,
6-3_0_A5_1,1,1538.018159486777,22328.207028560297,4881.0,18.04185421805999,,596.7744626010128,13278.95859539385,0.5087554721701063,2.5772184566735628,,0.0,5,A05,,,,,,,,,,
6-3_0_A5_1,2,2792.03408078511,29944.177735772842,3922.0,8.720866256698125,,512.9690873277552,18903.80227092864,0.4087971648947259,5.442889541999193,,0.0,5,A05,,,,,,,,,,
6-3_0_A5_1,3,2820.131161970049,30092.18226524925,9594.0,25.08147493253872,,515.5288319984165,53841.04812546669,1.0,5.47036554878605,,0.0,5,A05,,,,,,,,,,
6-3_0_A6_1,0,1526.0,0.0,0.0,0.0,0,0.0,0.0,0.0,0.0,0,0.0,6,A06,6_3,0.339365863099882,0.0,,,,,,,
6-3_0_A6_1,1,1538.576691945521,22332.194976186518,2813.0,15.02874303028234,,651.6117021352808,6211.155008858336,0.6983614697120158,2.3611864042707107,,0.0,6,A06,,,,,,,,,,
6-3_0_A6_1,2,2791.884152017886,29943.385948994248,1777.0,6.635901473432687,,543.466251156418,6827.131657653516,0.44116186693147963,5.137180360467937,,0.0,6,A06,,,,,,,,,,
6-3_0_A6_1,3,2820.14558032793,30092.258023195907,4028.0,19.72371718093317,,563.8923385065509,20117.31997818578,1.0,5.001212798522829,,0.0,6,A06,,,,,,,,,,
6-4_0_A7_1,0,1523.525774125015,22224.473798035913,673.0,1.082179833745365,,385.11979871633,290.9861621630644,0.28218029350104823,3.9559788388007737,,0.0,7,A07,6_4,0.0,0.07484495559388837,6_4,0.0,0.0,,0.03742247779694419,0.040006311565805724,106.90449676496976
6-4_0_A7_1,1,1538.599545605647,22332.358136804636,1819.0,9.848531172391024,,657.8166645249621,3887.852692998665,0.7626834381551363,2.3389488722009446,,0.0,7,A07,,,,,,,,,,
6-4_0_A7_1,2,2791.0,0.0,0.0,0.0,0,0.0,0.0,0.0,0.0,0,0.0,7,A07,,,,,,,,,,
6-4_0_A7_1,3,2819.974445910735,30091.358824079303,2385.0,13.55038772558593,,598.490688228836,9814.415064612997,1.0,4.711810060497555,,0.0,7,A07,,,,,,,,,,
6-4_0_A8_1,0,1526.0,0.0,0.0,0.0,0,0.0,0.0,0.0,0.0,0,0.0,8,A08,6_4,0.0,0.0,,,,,,,
6-4_0_A8_1,1,1538.61946837419,22332.500371719638,1398.0,8.42032938144094,,974.8415969042965,2251.060832572032,0.8391356542617047,1.5783276721676882,,0.0,8,A08,,,,,,,,,,
6-4_0_A8_1,2,2791.0,0.0,0.0,0.0,0,0.0,0.0,0.0,0.0,0,0.0,8,A08,,,,,,,,,,
6-4_0_A8_1,3,2820.158742831048,30092.327182371002,1666.0,10.73950169084635,,592.4184741914974,6053.951841966689,1.0,4.760416606993658,,0.0,8,A08,,,,,,,,,,
6-5_0_A9_1,0,1526.0,0.0,0.0,0.0,0,0.0,0.0,0.0,0.0,0,0.0,9,A09,6_5,0.0,0.0,6_5,0.0,0.0,,0.0,0.0,
6-5_0_A9_1,1,1538.58712789599,22332.26948239648,1834.0,10.07247726651932,,919.7454729534466,3642.532031076728,0.8646864686468647,1.6728401205991763,,0.0,9,A09,,,,,,,,,,
6-5_0_A9_1,2,2791.0,0.0,0.0,0.0,0,0.0,0.0,0.0,0.0,0,0.0,9,A09,,,,,,,,,,
6-5_0_A9_1,3,2820.054100900892,30091.777362248802,2121.0,13.43909633278306,,577.7033425816766,8468.738027385878,1.0,4.881491750244095,,0.0,9,A09,,,,,,,,,,
6-5_0_A10_1,0,1526.0,0.0,0.0,0.0,0,0.0,0.0,0.0,0.0,0,0.0,10,A10,6_5,0.0,0.0,,,,,,,
6-5_0_A10_1,1,1538.368535133784,22330.70881240193,2221.0,10.64890030126735,,868.0927761787626,4462.49214705179,0.7582792762034825,1.772124567037054,,0.0,10,A10,,,,,,,,,,
6-5_0_A10_1,2,2791.0,0.0,0.0,0.0,0,0.0,0.0,0.0,0.0,0,0.0,10,A10,,,,,,,,,,
6-5_0_A10_1,3,2819.833912003026,30090.62038988326,2929.0,16.88986069694634,,557.7789467649528,13011.73029984245,1.0,5.0554685298857285,,0.0,10,A10,,,,,,,,,,
6-6_0_A11_1,0,1526.0,0.0,0.0,0.0,0,0.0,0.0,0.0,0.0,0,0.0,11,A11,6_6,0.21180197109392634,0.0,6_6,0.20793344190536564,0.00413563166123719,1.9889208889830199,0.0,0.0,
6-6_0_A11_1,1,1538.217781767745,22329.632424881576,4224.0,18.28520517416868,,867.7064579868598,9534.914412476166,0.9041095890410958,1.7727398103461378,,0.0,11,A11,,,,,,,,,,
6-6_0_A11_1,2,2791.575809037191,29941.757495313563,1479.0,4.114636671654704,,525.4057883346768,4730.268926039754,0.3165667808219178,5.31318053781888,,0.0,11,A11,,,,,,,,,,
6-6_0_A11_1,3,2819.697820966794,30089.905282935557,4672.0,20.82690663586632,,567.1097172948837,22333.45091931205,1.0,4.9720499137570195,,0.0,11,A11,,,,,,,,,,
6-6_0_A12_1,0,1526.0,0.0,0.0,0.0,0,0.0,0.0,0.0,0.0,0,0.0,12,A12,6_6,0.20406491271680494,0.0,,,,,,,
6-6_0_A12_1,1,1537.993301836191,22328.029526782604,3412.0,15.53769794200112,,890.6500169326393,7483.857026112741,0.6204764502636843,1.7268211672335383,,0.0,12,A12,,,,,,,,,,
6-6_0_A12_1,2,2790.937240390532,29938.384728827587,1620.0,4.898093363317989,,568.4441124668111,5376.352279204526,0.2945990180032733,4.909783000969128,,0.0,12,A12,,,,,,,,,,
6-6_0_A12_1,3,2819.162138841289,30087.09030588103,5499.0,25.94743605697968,,584.4929953306031,26346.28465828255,1.0,4.823260777054657,,0.0,12,A12,,,,,,,,,,
6-7_0_B1_1,0,1523.418243180431,22223.702257339744,1517.0,1.346512475247344,,957.7584498615294,2461.136355188271,0.13675290723879924,1.5906079903556931,,0.0,1,B01,6_7,0.0,0.10576478081158149,6_7,0.0,0.0,,0.0938100550244238,0.012780139442392983,13.623421752674195
6-7_0_B1_1,1,1538.376138734802,22330.763101129814,8695.0,18.46761204653912,,615.1610984757667,23269.90455899258,0.7838276390516542,2.5007695423955743,,0.0,1,B01,,,,,,,,,,
6-7_0_B1_1,2,2791.0,0.0,0.0,0.0,0,0.0,0.0,0.0,0.0,0,0.0,1,B01,,,,,,,,,,
6-7_0_B1_1,3,2820.125526416051,30092.152654473037,11093.0,20.38854433261714,,529.1673528030766,57577.63742031962,1.0,5.329364163298123,,0.0,1,B01,,,,,,,,,,
6-7_0_B2_1,0,1523.428743836876,22223.777601364003,1147.0,1.130878981054903,,407.7783854923953,1095.263596635266,0.1125282056313156,3.73592323192247,,0.0,2,B02,6_7,0.0,0.0818553292372661,,,,,,,
6-7_0_B2_1,1,1538.429171974297,22331.141747831643,5219.0,14.64140734057355,,604.9387825500839,13380.48001078258,0.512018051604042,2.543115462839296,,0.0,2,B02,,,,,,,,,,
6-7_0_B2_1,2,2791.0,0.0,0.0,0.0,0,0.0,0.0,0.0,0.0,0,0.0,2,B02,,,,,,,,,,
6-7_0_B2_1,3,2820.243114331945,30092.77048804015,10193.0,23.65560619566283,,525.4769434906242,54297.26413354628,1.0,5.36701590672601,,0.0,2,B02,,,,,,,,,,
6-8_0_B3_1,0,1526.0,0.0,0.0,0.0,0,0.0,0.0,0.0,0.0,0,0.0,3,B03,6_8,0.0,0.0,6_8,0.0,0.0,,0.0,0.0,
6-8_0_B3_1,1,1538.136473861155,22329.051859731724,5465.0,14.5433694336215,,622.0271060308997,14291.6059502727,0.5686192903964208,2.472780460767809,,0.0,3,B03,,,,,,,,,,
6-8_0_B3_1,2,2791.0,0.0,0.0,0.0,0,0.0,0.0,0.0,0.0,0,0.0,3,B03,,,,,,,,,,
6-8_0_B3_1,3,2820.366972455877,30093.421252579952,9611.0,24.72130908551398,,525.6745046184103,50208.3581986006,1.0,5.365234470526957,,0.0,3,B03,,,,,,,,,,
6-8_0_B4_1,0,1526.0,0.0,0.0,0.0,0,0.0,0.0,0.0,0.0,0,0.0,4,B04,6_8,0.0,0.0,,,,,,,
6-8_0_B4_1,1,1538.222536073683,22329.666371707324,5951.0,15.42738663090266,,602.3270503438343,15405.9122744916,0.47914653784219,2.5537995266784033,,0.0,4,B04,,,,,,,,,,
6-8_0_B4_1,2,2791.0,0.0,0.0,0.0,0,0.0,0.0,0.0,0.0,0,0.0,4,B04,,,,,,,,,,
6-8_0_B4_1,3,2820.345064180714,30093.306145088245,12420.0,27.54249449890842,,528.0893036422831,67221.12045414027,1.0,5.340659325474917,,0.0,4,B04,,,,,,,,,,
6-9_0_B5_1,0,1526.0,0.0,0.0,0.0,0,0.0,0.0,0.0,0.0,0,0.0,5,B05,6_9,0.23848850837052354,0.0,6_9,0.23729584524109035,0.0012750105166209286,0.5373084030719247,0.0,0.0,
6-9_0_B5_1,1,1538.248935042867,22329.85486538752,5781.0,16.33418979482783,,609.7784845580504,15884.42292103335,0.5686602400157388,2.5226356357222817,,0.0,5,B05,,,,,,,,,,
6-9_0_B5_1,2,2792.216465925691,29945.140898408827,3055.0,7.75088401532045,,513.7215557857506,13690.72104633659,0.30051150895140666,5.435272151768914,,0.0,5,B05,,,,,,,,,,
6-9_0_B5_1,3,2820.512998216398,30094.188469771325,10166.0,34.40624276263721,,517.5853409584446,57406.20854178113,1.0,5.449368007589784,,0.0,5,B05,,,,,,,,,,
6-9_0_B6_1,0,1526.0,0.0,0.0,0.0,0,0.0,0.0,0.0,0.0,0,0.0,6,B06,6_9,0.23610318211165715,0.0,,,,,,,
6-9_0_B6_1,1,1538.240804583855,22329.796812531986,6026.0,15.94703692794187,,615.0966049829239,16318.11434961564,0.5267022113451622,2.5008117296088135,,0.0,6,B06,,,,,,,,,,
6-9_0_B6_1,2,2792.34348265741,29945.811645674366,3439.0,8.371784416957755,,515.4060502034143,15320.58109888846,0.30058561314570403,5.417754567598422,,0.0,6,B06,,,,,,,,,,
6-9_0_B6_1,3,2820.535780125071,30094.30816376755,11441.0,35.90503392695192,,519.0590174209223,64889.34609802548,1.0,5.433940429625182,,0.0,6,B06,,,,,,,,,,
6-10_0_B7_1,0,1526.0,0.0,0.0,0.0,0,0.0,0.0,0.0,0.0,0,0.0,7,B07,6_10,0.0,0.0,6_10,0.0,0.0,,0.0,0.0,
6-10_0_B7_1,1,1538.659958729698,22332.78944224477,5418.0,18.9771267490794,,632.3969957489307,13015.25149701184,0.6262859784995954,2.433060196479119,,0.0,7,B07,,,,,,,,,,
6-10_0_B7_1,2,2791.0,0.0,0.0,0.0,0,0.0,0.0,0.0,0.0,0,0.0,7,B07,,,,,,,,,,
6-10_0_B7_1,3,2820.395170155641,30093.56940444729,8651.0,25.67246053561839,,527.5553028248942,45956.58838272787,1.0,5.346160213068288,,0.0,7,B07,,,,,,,,,,
6-10_0_B8_1,0,1526.0,0.0,0.0,0.0,0,0.0,0.0,0.0,0.0,0,0.0,8,B08,6_10,0.0,0.0,,,,,,,
6-10_0_B8_1,1,1538.643639611444,22332.672936540926,4985.0,17.58863982315971,,647.0662695171769,12330.14741520121,0.5731861561457974,2.3778764434121062,,0.0,8,B08,,,,,,,,,,
6-10_0_B8_1,2,2791.0,0.0,0.0,0.0,0,0.0,0.0,0.0,0.0,0,0.0,8,B08,,,,,,,,,,
6-10_0_B8_1,3,2820.360791458491,30093.388777266657,8697.0,28.82695156257698,,535.4922733118918,44950.69581375465,1.0,5.26685618452575,,0.0,8,B08,,,,,,,,,,
6-11_0_B9_1,0,1526.0,0.0,0.0,0.0,0,0.0,0.0,0.0,0.0,0,0.0,9,B09,6_11,0.0,0.0,6_11,0.0,0.0,,0.0,0.0,
6-11_0_B9_1,1,1538.18061736475,22329.36706076492,4782.0,13.01059047376926,,630.8628948703713,11974.02323838102,0.6543513957307061,2.4382169721375244,,0.0,9,B09,,,,,,,,,,
6-11_0_B9_1,2,2791.0,0.0,0.0,0.0,0,0.0,0.0,0.0,0.0,0,0.0,9,B09,,,,,,,,,,
6-11_0_B9_1,3,2820.638224002937,30094.84638816823,7308.0,25.1588253554176,,525.2020047962927,38128.12586180535,1.0,5.370577793390113,,0.0,9,B09,,,,,,,,,,
6-11_0_B10_1,0,1526.0,0.0,0.0,0.0,0,0.0,0.0,0.0,0.0,0,0.0,10,B10,6_11,0.0,0.0,,,,,,,
6-11_0_B10_1,1,1538.425552225087,22331.115903757356,2962.0,12.26685426020775,,688.0739212651738,6516.808555472591,0.5277035453411723,2.23584342420122,,0.0,10,B10,,,,,,,,,,
6-11_0_B10_1,2,2791.0,0.0,0.0,0.0,0,0.0,0.0,0.0,0.0,0,0.0,10,B10,,,,,,,,,,
6-11_0_B10_1,3,2820.134552015733,30092.200077482576,5613.0,26.71028485839915,,537.8741110545473,28488.2434229119,1.0,5.243112643006042,,0.0,10,B10,,,,,,,,,,
6-12_0_B11_1,0,1526.0,0.0,0.0,0.0,0,0.0,0.0,0.0,0.0,0,0.0,11,B11,6_12,0.21744028528188525,0.0,6_12,0.2166662027047197,0.0008275290836688981,0.3819373180212531,0.0,0.0,
6-12_0_B11_1,1,1538.285493918728,22330.115900042947,4190.0,14.50614113169386,,702.7504540224954,10187.22519536178,0.5784097183876311,2.1889498400373664,,0.0,11,B11,,,,,,,,,,
6-12_0_B11_1,2,2791.784174202091,29942.85794552896,2113.0,6.803015238516895,,541.49236684362,8399.04322214883,0.2916896742131419,5.155722121210147,,0.0,11,B11,,,,,,,,,,
6-12_0_B11_1,3,2819.875745009026,30090.840202999672,7244.0,33.72222099239627,,542.4958710692767,38626.89570729949,1.0,5.197967201945631,,0.0,11,B11,,,,,,,,,,
6-12_0_B12_1,0,1526.0,0.0,0.0,0.0,0,0.0,0.0,0.0,0.0,0,0.0,12,B12,6_12,0.21589212012755418,0.0,,,,,,,
6-12_0_B12_1,1,1538.0698112468,22328.57585521227,3446.0,12.51987557258081,,843.0964170307631,8224.141249498323,0.49468848693654893,1.8243106958793762,,0.0,12,B12,,,,,,,,,,
6-12_0_B12_1,2,2791.340903742182,29940.516827343083,1879.0,6.627834636188396,,541.2834913831897,7787.835671583848,0.26973873097904105,5.156892733989025,,0.0,12,B12,,,,,,,,,,
6-12_0_B12_1,3,2819.479261916147,30088.7568011342,6966.0,36.63445822773301,,545.6706888855992,36072.81111965833,1.0,5.166997823676866,,0.0,12,B12,,,,,,,,,,
6-13_0_C1_1,0,1526.0,0.0,0.0,0.0,0,0.0,0.0,0.0,0.0,0,0.0,1,C01,6_13,0.1449816701665054,0.0,6_13,0.14617610532136344,0.001276904891485381,0.8735387282881474,0.0,0.0,
6-13_0_C1_1,1,1538.400533403234,22330.937274992466,5667.0,14.38655168448265,,620.5433768244671,13936.66150292363,0.48365622599641545,2.4791184482151047,,0.0,1,C01,,,,,,,,,,
6-13_0_C1_1,2,2792.003653978991,29944.017050923,2701.0,3.659486151048229,,553.5562271036315,9238.122202041586,0.2305197576171375,5.043758009168415,,0.0,1,C01,,,,,,,,,,
6-13_0_C1_1,3,2820.231029382051,30092.706991575862,11717.0,24.83983926138266,,522.2070014250273,63719.24251825757,1.0,5.400599803690967,,0.0,1,C01,,,,,,,,,,
6-13_0_C2_1,0,1526.0,0.0,0.0,0.0,0,0.0,0.0,0.0,0.0,0,0.0,2,C02,6_13,0.14737054047622147,0.0,,,,,,,
6-13_0_C2_1,1,1538.587007994518,22332.26862637583,4872.0,12.62275053811966,,633.2228817425315,11699.55728602247,0.6099912357581069,2.4297716528508326,,0.0,2,C02,,,,,,,,,,
6-13_0_C2_1,2,2792.183276400993,29944.965629321297,1884.0,2.680109250511372,,513.3332005138054,6043.293990680058,0.23588331037936647,5.439319478276957,,0.0,2,C02,,,,,,,,,,
6-13_0_C2_1,3,2820.391007619335,30093.547534358608,7987.0,20.48383968960241,,535.2469157169576,41007.47660388173,1.0,5.269326968174028,,0.0,2,C02,,,,,,,,,,
6-14_0_C3_1,0,1526.0,0.0,0.0,0.0,0,0.0,0.0,0.0,0.0,0,0.0,3,C03,6_14,0.06192964284502645,0.0,6_14,0.0624085440274134,0.0005119668990317609,0.8203474492320728,0.0,0.0,
6-14_0_C3_1,1,1538.334356200403,22330.464777564055,7411.0,16.33004507586671,,602.5576386537115,20279.61670877519,0.54083047507845,2.5530078079127634,,0.0,3,C03,,,,,,,,,,
6-14_0_C3_1,2,2792.251875532869,29945.327890266984,1917.0,1.594912132751612,,478.0854514720415,4601.929589342452,0.13989637305699482,5.840487023680452,,0.0,3,C03,,,,,,,,,,
6-14_0_C3_1,3,2820.65669737967,30094.943443397773,13703.0,27.67078566099275,,520.3371317559752,74308.99611125453,1.0,5.420825317349225,,0.0,3,C03,,,,,,,,,,
6-14_0_C4_1,0,1526.0,0.0,0.0,0.0,0,0.0,0.0,0.0,0.0,0,0.0,4,C04,6_14,0.06288744520980034,0.0,,,,,,,
6-14_0_C4_1,1,1538.363088117813,22330.669921329045,7709.0,17.52141910095375,,596.9124736454393,20648.60292777487,0.5262834516657564,2.5772004373150144,,0.0,4,C04,,,,,,,,,,
6-14_0_C4_1,2,2792.007483394278,29944.037274225557,1898.0,1.412521601973105,,393.5814756976604,5005.49690441671,0.12957400327689786,7.093848810961392,,0.0,4,C04,,,,,,,,,,
6-14_0_C4_1,3,2820.753656175567,30095.452839201014,14648.0,28.39339451251663,,527.4455269690852,79594.5341350368,1.0,5.347952559925488,,0.0,4,C04,,,,,,,,,,
6-15_0_C5_1,0,1526.0,0.0,0.0,0.0,0,0.0,0.0,0.0,0.0,0,0.0,5,C05,6_15,0.2458396816122355,0.0,6_15,0.247229498797867,0.0014857770682483852,0.600970788466932,0.0,0.0,
6-15_0_C5_1,1,1538.349863401003,22330.57549806965,6985.0,19.44614751637386,,622.5621415012114,18456.43146935698,0.5563963676915724,2.4709980913576155,,0.0,5,C05,,,,,,,,,,
6-15_0_C5_1,2,2792.596451395136,29947.147471551445,3782.0,7.360649723844071,,520.7410293228091,16961.90739114298,0.3012585630078063,5.362735590523242,,0.0,5,C05,,,,,,,,,,
6-15_0_C5_1,3,2820.80252905644,30095.70960099284,12554.0,31.11974346087545,,534.0755515081394,68995.80767395032,1.0,5.28165447957872,,0.0,5,C05,,,,,,,,,,
6-15_0_C6_1,0,1526.0,0.0,0.0,0.0,0,0.0,0.0,0.0,0.0,0,0.0,6,C06,6_15,0.24861931598349846,0.0,,,,,,,
6-15_0_C6_1,1,1538.456276756606,22331.335267999446,8620.0,18.5682307477594,,602.1600658780077,23133.340871131,0.6653801620995754,2.5548958888753073,,0.0,6,C06,,,,,,,,,,
6-15_0_C6_1,2,2792.854775493423,29948.511513628586,4007.0,7.079973745270185,,530.433913715299,17864.88572218725,0.3093014280200695,5.265226644223277,,0.0,6,C06,,,,,,,,,,
6-15_0_C6_1,3,2820.95387315812,30096.504698047254,12955.0,29.32939281099069,,528.4183450095818,71856.38674741182,1.0,5.338485879226937,,0.0,6,C06,,,,,,,,,,
6-16_0_C7_1,0,1524.835976483854,22233.87236679967,2253.0,1.734854456429086,,578.1688802035862,3723.005697824066,0.09466386554621849,2.6373539439668994,,0.0,7,C07,6_16,0.0,0.08130457741057413,6_16,0.0,0.0,,0.0762426697559529,0.005411406904880414,7.097609412422104
6-16_0_C7_1,1,1538.513831753392,22331.746188025143,15582.0,28.55017480112356,,589.3601759301218,45790.84986843394,0.6547058823529411,2.610481492620919,,0.0,7,C07,,,,,,,,,,
6-16_0_C7_1,2,2791.0,0.0,0.0,0.0,0,0.0,0.0,0.0,0.0,0,0.0,7,C07,,,,,,,,,,
6-16_0_C7_1,3,2821.038147903626,30096.94743207236,23800.0,27.25006720121941,,515.2979134205743,128666.9729581307,1.0,5.474577083336953,,0.0,7,C07,,,,,,,,,,
6-16_0_C8_1,0,1524.816207356533,22233.73058581229,2881.0,2.247260542204341,,572.8696916654286,4463.536724504585,0.08472034346879963,2.6617156214419992,,0.0,8,C08,6_16,0.0,0.07118076210133167,,,,,,,
6-16_0_C8_1,1,1538.477167895272,22331.48442340531,21127.0,34.04754352575037,,588.8231150227492,62707.06568370782,0.6212727165794272,2.612800225812862,,0.0,8,C08,,,,,,,,,,
6-16_0_C8_1,2,2791.0,0.0,0.0,0.0,0,0.0,0.0,0.0,0.0,0,0.0,8,C08,,,,,,,,,,
6-16_0_C8_1,3,2821.013172534226,30096.816225661227,34006.0,30.10500726868879,,503.5065725177086,188395.7264256531,1.0,5.602733562003324,,0.0,8,C08,,,,,,,,,,
6-17_0_C9_1,0,1526.0,0.0,0.0,0.0,0,0.0,0.0,0.0,0.0,0,0.0,9,C09,6_17,0.0,0.0,6_17,0.0,0.0,,0.0,0.0,
6-17_0_C9_1,1,1538.2948525196,22330.182721045505,9498.0,19.27899489637897,,600.4775323051979,25963.14628557994,0.6258153785333069,2.5617858616860762,,0.0,9,C09,,,,,,,,,,
6-17_0_C9_1,2,2791.0,0.0,0.0,0.0,0,0.0,0.0,0.0,0.0,0,0.0,9,C09,,,,,,,,,,
6-17_0_C9_1,3,2820.644950549202,30094.881728062523,15177.0,30.14217770956345,,520.0355729347223,82760.78287219514,1.0,5.423946163204618,,0.0,9,C09,,,,,,,,,,
6-17_0_C10_1,0,1526.0,0.0,0.0,0.0,0,0.0,0.0,0.0,0.0,0,0.0,10,C10,6_17,0.0,0.0,,,,,,,
6-17_0_C10_1,1,1538.06967251604,22328.574864594157,7992.0,18.19653667885,,627.5204674626815,21177.9079634474,0.5909931228277749,2.4510271015303715,,0.0,10,C10,,,,,,,,,,
6-17_0_C10_1,2,2791.0,0.0,0.0,0.0,0,0.0,0.0,0.0,0.0,0,0.0,10,C10,,,,,,,,,,
6-17_0_C10_1,3,2820.385035909673,30093.516158791106,13523.0,28.82500196634329,,531.0701316079421,72502.54632855584,1.0,5.310758161770991,,0.0,10,C10,,,,,,,,,,
6-18_0_C11_1,0,1526.0,0.0,0.0,0.0,0,0.0,0.0,0.0,0.0,0,0.0,11,C11,6_18,0.39167758329381525,0.0,6_18,0.36164235157500446,0.03210901332118739,8.878665117995173,0.0,0.0,
6-18_0_C11_1,1,1538.413274381795,22331.028242899127,1291.0,6.633946117918311,,957.4421877752468,2045.403645887418,0.5849569551427277,1.6067949522430354,,0.0,11,C11,,,,,,,,,,
6-18_0_C11_1,2,2792.55227086577,29946.914176415696,1174.0,3.885246908438456,,456.2881572751692,3265.419969457967,0.5319438151336656,6.120150668696169,,0.0,11,C11,,,,,,,,,,
6-18_0_C11_1,3,2819.811834135747,30090.504380225953,2207.0,11.91008171805609,,599.4887626360087,8337.01010406926,1.0,4.703694230625389,,0.0,11,C11,,,,,,,,,,
6-18_0_C12_1,0,1526.0,0.0,0.0,0.0,0,0.0,0.0,0.0,0.0,0,0.0,12,C12,6_18,0.3316071198561937,0.0,,,,,,,
6-18_0_C12_1,1,1538.168802219322,22329.28269668017,3341.0,12.15961038470214,,652.2325508851854,7274.76834832181,0.6361386138613861,2.3583134575724216,,0.0,12,C12,,,,,,,,,,
6-18_0_C12_1,2,2792.094416098536,29944.496365696155,2266.0,5.194047169896401,,483.9419271152564,9044.633815149171,0.43145468392993147,5.769482368973511,,0.0,12,C12,,,,,,,,,,
6-18_0_C12_1,3,2819.57241921505,30089.24632864747,5252.0,17.33919612116616,,531.2818070198173,27275.14963813657,1.0,5.307112688520647,,0.0,12,C12,,,,,,,,,,
6-19_0_D1_1,0,1526.0,0.0,0.0,0.0,0,0.0,0.0,0.0,0.0,0,0.0,1,D01,6_19,0.07267364036137863,0.0,6_19,0.07093135619182717,0.0018625801236745079,2.6258910356053753,0.0,0.0,
6-19_0_D1_1,1,1538.064352720563,22328.536878134135,6973.0,13.37660739690676,,604.8154339544172,17889.84164827179,0.5065010532432629,2.543030925425229,,0.0,1,D01,,,,,,,,,,
6-19_0_D1_1,2,2792.245572778693,29945.294606627453,2012.0,1.301321333248706,,381.7094085610123,5379.248374150013,0.14614658240720563,7.315108064286504,,0.0,1,D01,,,,,,,,,,
6-19_0_D1_1,3,2820.487055396106,30094.052168047205,13767.0,22.07908721357435,,529.488438016549,74019.250272878,1.0,5.326815191586775,,0.0,1,D01,,,,,,,,,,
6-19_0_D2_1,0,1526.0,0.0,0.0,0.0,0,0.0,0.0,0.0,0.0,0,0.0,2,D02,6_19,0.06918907202227569,0.0,,,,,,,
6-19_0_D2_1,1,1538.215355619438,22329.61510161042,5516.0,11.53508748251059,,611.4443060329427,13916.47714001638,0.47650310988251554,2.5157080382339254,,0.0,2,D02,,,,,,,,,,
6-19_0_D2_1,2,2792.150276068706,29944.79135828453,1768.0,1.292661178695474,,387.7981768884075,4243.44620776061,0.15272978576364893,7.200008773821989,,0.0,2,D02,,,,,,,,,,
6-19_0_D2_1,3,2820.673446823345,30095.03144116768,11576.0,21.82766864116295,,527.5789765258829,61331.1623314505,1.0,5.346447778108086,,0.0,2,D02,,,,,,,,,,
6-20_0_D3_1,0,1526.0,0.0,0.0,0.0,0,0.0,0.0,0.0,0.0,0,0.0,3,D03,6_20,0.22555346691284592,0.0,6_20,0.2234726901285185,0.0022244439500866938,0.9953985647227956,0.0,0.0,
6-20_0_D3_1,1,1538.433782460129,22331.174665465016,10777.0,17.99553926196915,,604.7353726978913,28342.59544263303,0.6903023315398411,2.5439784935958873,,0.0,3,D03,,,,,,,,,,
6-20_0_D3_1,2,2792.739013748797,29947.90025881866,4543.0,5.722876032208522,,524.7716111668343,19646.68099565119,0.29099410709710477,5.321818014391283,,0.0,3,D03,,,,,,,,,,
6-20_0_D3_1,3,2820.961976703647,30096.547269992887,15612.0,25.92497873281021,,525.7437073651802,87104.318388698,1.0,5.365659992092334,,0.0,3,D03,,,,,,,,,,
6-20_0_D4_1,0,1526.0,0.0,0.0,0.0,0,0.0,0.0,0.0,0.0,0,0.0,4,D04,6_20,0.2213919133441911,0.0,,,,,,,
6-20_0_D4_1,1,1538.607156845007,22332.412475947756,8236.0,16.82950888228626,,586.8087746754065,22011.74376668108,0.5474243934862081,2.6219907118738774,,0.0,4,D04,,,,,,,,,,
6-20_0_D4_1,2,2792.959573113502,29949.064863678534,4143.0,6.370993732894662,,531.6836573672872,18906.82229038395,0.2753738783649053,5.25304762411406,,0.0,4,D04,,,,,,,,,,
6-20_0_D4_1,3,2821.089780286074,30097.21867742857,15045.0,30.12868176352913,,513.7366787449351,85399.7872135018,1.0,5.4913147084962475,,0.0,4,D04,,,,,,,,,,
6-21_0_D5_1,0,1526.0,0.0,0.0,0.0,0,0.0,0.0,0.0,0.0,0,0.0,5,D05,6_21,0.2751014204990757,0.0,6_21,0.2700932351151746,0.005353975381713839,1.9822693372645075,0.0,0.0,
6-21_0_D5_1,1,1538.612705992998,22332.452093056243,7119.0,15.17220446530429,,611.3379990361026,18559.90933944327,0.5662133142448104,2.5167954689859466,,0.0,5,D05,,,,,,,,,,
6-21_0_D5_1,2,2793.091993974017,29949.764054293322,3877.0,6.559484815601724,,514.146325248859,19317.42300356051,0.30835918237493043,5.4324845998307865,,0.0,5,D05,,,,,,,,,,
6-21_0_D5_1,3,2821.18654800875,30097.72702982661,12573.0,26.47456489788988,,523.2443788370723,70219.2775614018,1.0,5.391718787842364,,0.0,5,D05,,,,,,,,,,
6-21_0_D6_1,0,1526.0,0.0,0.0,0.0,0,0.0,0.0,0.0,0.0,0,0.0,6,D06,6_21,0.2650850497312734,0.0,,,,,,,
6-21_0_D6_1,1,1538.547731682951,22331.988216546953,5282.0,14.3344172159007,,620.802121680033,13538.67522268213,0.6020745469052775,2.4783222833054883,,0.0,6,D06,,,,,,,,,,
6-21_0_D6_1,2,2793.26624932814,29950.684108106416,2928.0,6.581878906072592,,533.1447737258716,12644.12373392731,0.3337512823435541,5.23922654217813,,0.0,6,D06,,,,,,,,,,
6-21_0_D6_1,3,2821.156697572235,30097.57021669377,8773.0,25.16117007500033,,531.9312203269714,47698.36604042789,1.0,5.303611801236456,,0.0,6,D06,,,,,,,,,,
6-22_0_D7_1,0,1526.0,0.0,0.0,0.0,0,0.0,0.0,0.0,0.0,0,0.0,7,D07,6_22,0.2858822776628436,0.0,6_22,0.2849992066037227,0.0009440426718258726,0.33124396487830127,0.0,0.0,
6-22_0_D7_1,1,1538.55519443182,22332.041496475184,6571.0,14.54042507067426,,610.9710715275594,16145.67532415172,0.6698267074413864,2.5182128354867936,,0.0,7,D07,,,,,,,,,,
6-22_0_D7_1,2,2792.846009776154,29948.46522860729,3399.0,5.538251436903404,,555.1436788598313,14696.47579580403,0.34648318042813453,5.030852581285218,,0.0,7,D07,,,,,,,,,,
6-22_0_D7_1,3,2821.114368470083,30097.34784801376,9810.0,20.18209013388131,,536.2285560059665,51407.43915975225,1.0,5.261029717407838,,0.0,7,D07,,,,,,,,,,
6-22_0_D8_1,0,1526.0,0.0,0.0,0.0,0,0.0,0.0,0.0,0.0,0,0.0,8,D08,6_22,0.2841161355446018,0.0,,,,,,,
6-22_0_D8_1,1,1538.376927674149,22330.768734046957,5933.0,15.32324477283799,,619.457371416963,14841.26468074914,0.5343600828604882,2.4834266224893335,,0.0,8,D08,,,,,,,,,,
6-22_0_D8_1,2,2792.794200694298,29948.191663128735,3669.0,6.57551642007229,,519.5221398593445,16821.02202848418,0.33045122939746013,5.375698139544967,,0.0,8,D08,,,,,,,,,,
6-22_0_D8_1,3,2820.953576514639,30096.503139630673,11103.0,25.05632123757946,,536.5704227546195,59204.74033001038,1.0,5.257378075430552,,0.0,8,D08,,,,,,,,,,
6-23_0_D9_1,0,1526.0,0.0,0.0,0.0,0,0.0,0.0,0.0,0.0,0,0.0,9,D09,6_23,0.31110085050722386,0.0,6_23,0.30896508330371664,0.0022832311809886942,0.7389932728237284,0.034238911757186234,0.036602936311822,106.90449676496974
6-23_0_D9_1,1,1538.384294263085,22330.821330396342,11086.0,15.46828926017107,,590.3590087240433,29767.28134030041,0.48699701282727115,2.6058453780319724,,0.0,9,D09,,,,,,,,,,
6-23_0_D9_1,2,2792.718451595268,29947.791683478965,7795.0,7.831167888066242,,511.8473559935184,40296.54625255823,0.3424266385520998,5.456154884642273,,0.0,9,D09,,,,,,,,,,
6-23_0_D9_1,3,2820.878345825297,30096.107912509637,22764.0,26.75730245335992,,514.1630200260865,129528.8848836578,1.0,5.486350118454993,,0.0,9,D09,,,,,,,,,,
6-23_0_D10_1,0,1523.623332492395,22225.173761122198,1528.0,1.05915730861891,,1012.521033031963,1447.963894020203,0.09608250015720304,1.5047819085100405,,0.0,10,D10,6_23,0.30682931610020947,0.06847782351437247,,,,,,,
6-23_0_D10_1,1,1538.207115881302,22329.55626783364,8164.0,16.51764001244104,,597.5685157232157,21145.00461184046,0.5133622586933283,2.574110039950256,,0.0,10,D10,,,,,,,,,,
6-23_0_D10_1,2,2792.454586902519,29946.39834993682,5739.0,8.382703467670607,,539.6990984753893,27090.99228928818,0.36087530654593475,5.174095333475636,,0.0,10,D10,,,,,,,,,,
6-23_0_D10_1,3,2820.613663518639,30094.71735205892,15903.0,27.49286325639285,,520.0073541040618,88293.36333833351,1.0,5.424180333715412,,0.0,10,D10,,,,,,,,,,
6-24_0_D11_1,0,1526.0,0.0,0.0,0.0,0,0.0,0.0,0.0,0.0,0,0.0,11,D11,6_24,0.36175047097512164,0.0,6_24,0.3592011579047042,0.0027253303088894567,0.7587198005671476,0.0,0.0,
6-24_0_D11_1,1,1537.936156730885,22327.62146350517,8601.0,16.12535703743611,,606.3917897971417,22684.54574434464,0.4993613562470971,2.5362087393125425,,0.0,11,D11,,,,,,,,,,
6-24_0_D11_1,2,2792.078594299133,29944.412811338458,6777.0,9.429382451972527,,507.9779852423076,35023.43213653976,0.3934626103111937,5.496455900480214,,0.0,11,D11,,,,,,,,,,
6-24_0_D11_1,3,2820.209143055204,30092.591996592324,17224.0,27.42018992429074,,526.4078125792593,96816.54882751597,1.0,5.357460652487136,,0.0,11,D11,,,,,,,,,,
6-24_0_D12_1,0,1526.0,0.0,0.0,0.0,0,0.0,0.0,0.0,0.0,0,0.0,12,D12,6_24,0.3566518448342867,0.0,,,,,,,
6-24_0_D12_1,1,1537.84248883597,22326.95258076152,6317.0,14.80581439564564,,619.7355407427655,15530.81118854276,0.48092881614008376,2.4814495663631537,,0.0,12,D12,,,,,,,,,,
6-24_0_D12_1,2,2791.856700137028,29943.24097090414,5100.0,9.209606571096119,,512.7277330242271,25707.65391320427,0.3882755995432052,5.4451056970719955,,0.0,12,D12,,,,,,,,,,
6-24_0_D12_1,3,2819.969601976729,30091.333371980618,13135.0,27.46706336362338,,529.1540123105254,72080.5297534602,1.0,5.329203854400475,,0.0,12,D12,,,,,,,,,,
6-25_0_E1_1,0,1526.0,0.0,0.0,0.0,0,0.0,0.0,0.0,0.0,0,0.0,1,E01,6_25,0.07676154268837701,0.0,6_25,0.0774015349290346,0.000684180484208337,0.8839365845078216,0.0,0.0,
6-25_0_E1_1,1,1538.180531595789,22329.366448347064,7250.0,15.90748607210365,,598.7044878919454,18182.4095920584,0.5518763796909493,2.569181562362701,,0.0,1,E01,,,,,,,,,,
6-25_0_E1_1,2,2792.114680641379,29944.603381672758,1987.0,1.623607242937992,,554.2399447402713,5299.490142036178,0.15125218847529878,5.037736285770279,,0.0,1,E01,,,,,,,,,,
6-25_0_E1_1,3,2820.593103520589,30094.609333304863,13137.0,23.86806050513951,,532.6998070627202,69038.34858491726,1.0,5.294901680316343,,0.0,1,E01,,,,,,,,,,
6-25_0_E2_1,0,1526.0,0.0,0.0,0.0,0,0.0,0.0,0.0,0.0,0,0.0,2,E02,6_25,0.07804152716969216,0.0,,,,,,,
6-25_0_E2_1,1,1538.397439109672,22330.915182329936,10500.0,15.17495574260291,,588.0922103844076,27948.9837255401,0.5738332058148432,2.6159119470466976,,0.0,2,E02,,,,,,,,,,
6-25_0_E2_1,2,2792.691956027992,29947.651777048475,2682.0,1.513465277020663,,453.2544784041145,7825.256838433179,0.1465733959995628,6.161421649623663,,0.0,2,E02,,,,,,,,,,
6-25_0_E2_1,3,2820.997451884977,30096.733637993428,18298.0,22.13919144372139,,521.3949067344189,100270.4216873931,1.0,5.410481413317485,,0.0,2,E02,,,,,,,,,,
16-1_0_E3_1,0,1526.0,0.0,0.0,0.0,0,0.0,0.0,0.0,0.0,0,0.0,3,E03,16_1,0.24111513797475462,0.0,16_1,0.2421617844116845,0.0011189121063149231,0.4620514789454676,0.0,0.0,
16-1_0_E3_1,1,1538.546152629265,22331.97694295416,12716.0,18.67070237351343,,576.4686700488704,35966.02104228747,0.751137102014295,2.668915472021808,,0.0,3,E03,,,,,,,,,,
16-1_0_E3_1,2,2793.019432530294,29949.380927309685,4907.0,11.02635312840504,,509.0339922721388,22961.31415987884,0.2898576407348337,5.486901611547182,,0.0,3,E03,,,,,,,,,,
16-1_0_E3_1,3,2821.153256480764,30097.55213957293,16929.0,50.57511949535779,,516.0677956176866,95229.66642717783,1.0,5.466633028523119,,0.0,3,E03,,,,,,,,,,
16-1_0_E4_1,0,1526.0,0.0,0.0,0.0,0,0.0,0.0,0.0,0.0,0,0.0,4,E04,16_1,0.24320843084861443,0.0,,,,,,,
16-1_0_E4_1,1,1538.567634789865,22332.13031350895,7901.0,14.44603597534222,,582.6559006029044,21624.08048888817,0.6330422241807547,2.6406110934392477,,0.0,4,E04,,,,,,,,,,
16-1_0_E4_1,2,2793.013941267559,29949.35193304329,3734.0,8.748681799381787,,538.0228841341266,17059.17066378501,0.29917474561333224,5.191254914300771,,0.0,4,E04,,,,,,,,,,
16-1_0_E4_1,3,2821.290635699436,30098.273826535686,12481.0,38.80814876734265,,517.4268521844202,70142.18464492098,1.0,5.452540052354834,,0.0,4,E04,,,,,,,,,,
16-2_0_E5_1,0,1526.0,0.0,0.0,0.0,0,0.0,0.0,0.0,0.0,0,0.0,5,E05,16_2,0.24822320371535933,0.0,16_2,0.25524659714482917,0.007508323401599212,2.9415958863259295,0.0,0.0,
16-2_0_E5_1,1,1538.693816454899,22333.0311578544,6990.0,14.44275664077736,,593.4428849178751,18054.24492919728,0.8217728662120856,2.5928254522216316,,0.0,5,E05,,,,,,,,,,
16-2_0_E5_1,2,2793.314426987761,29950.9384770182,2766.0,6.5236274648369,,551.4461855717834,11302.05377360547,0.3251822243122502,5.065434307232409,,0.0,5,E05,,,,,,,,,,
16-2_0_E5_1,3,2821.464428613791,30099.186778111427,8506.0,27.95831016528641,,517.64430767039,45531.81815575017,1.0,5.450585250925541,,0.0,5,E05,,,,,,,,,,
16-2_0_E6_1,0,1526.0,0.0,0.0,0.0,0,0.0,0.0,0.0,0.0,0,0.0,6,E06,16_2,0.262269990574299,0.0,,,,,,,
16-2_0_E6_1,1,1538.800220651782,22333.79077661396,8488.0,13.89494999881713,,584.7090816078532,23320.66797826571,0.7159848165331084,2.631736480679137,,0.0,6,E06,,,,,,,,,,
16-2_0_E6_1,2,2793.24305165824,29950.561628012725,3612.0,7.220444264157757,,499.9908058158625,17510.7632557962,0.30468156895824544,5.586588831569316,,0.0,6,E06,,,,,,,,,,
16-2_0_E6_1,3,2821.434882010366,30099.031568857397,11855.0,31.68442707937275,,505.3770352880959,66766.17182717875,1.0,5.5828315989901975,,0.0,6,E06,,,,,,,,,,
16-3_0_E7_1,0,1526.0,0.0,0.0,0.0,0,0.0,0.0,0.0,0.0,0,0.0,7,E07,16_3,0.21291303084897145,0.0,16_3,0.21465883652787754,0.0018663447755296126,0.8694469818796544,0.0,0.0,
16-3_0_E7_1,1,1538.521993410395,22331.80445841542,7652.0,17.06820160210438,,592.967254016359,20585.81672567639,0.7264097209037402,2.594615441222914,,0.0,7,E07,,,,,,,,,,
16-3_0_E7_1,2,2792.902618720191,29948.76413567034,2869.0,6.764364302503592,,518.7920916499943,12489.48498944123,0.27235617998860834,5.383471844833821,,0.0,7,E07,,,,,,,,,,
16-3_0_E7_1,3,2821.181380049851,30097.69988107695,10534.0,35.00938585701845,,525.1145124544624,58660.03099782356,1.0,5.372506973504188,,0.0,7,E07,,,,,,,,,,
16-3_0_E8_1,0,1526.0,0.0,0.0,0.0,0,0.0,0.0,0.0,0.0,0,0.0,8,E08,16_3,0.21640464220678363,0.0,,,,,,,
16-3_0_E8_1,1,1538.39514291115,22330.8987878984,10878.0,16.99275670983511,,576.9902527989359,31369.5829624197,0.5632475534613991,2.6662411287686614,,0.0,8,E08,,,,,,,,,,
16-3_0_E8_1,2,2792.696113751144,29947.67373141459,4837.0,7.317212201883121,,527.4671852836076,24222.3313979808,0.25045306270387824,5.294540004890678,,0.0,8,E08,,,,,,,,,,
16-3_0_E8_1,3,2820.900618913265,30096.224925531846,19313.0,38.11147535385418,,512.1338396555486,111930.7384119577,1.0,5.5081316649775545,,0.0,8,E08,,,,,,,,,,
16-4_0_E9_1,0,1526.0,0.0,0.0,0.0,0,0.0,0.0,0.0,0.0,0,0.0,9,E09,16_4,0.1721753096559139,0.0,16_4,0.17095401157791335,0.0013056225642843467,0.7637273628348294,0.0,0.0,
16-4_0_E9_1,1,1538.296950889409,22330.197703510574,16060.0,19.33670524959647,,587.6578146574848,46186.0854882997,0.7799902865468674,2.6176746271739826,,0.0,9,E09,,,,,,,,,,
16-4_0_E9_1,2,2792.555748466213,29946.932539940906,4697.0,4.320521519995173,,524.757474754791,19287.43646043653,0.2281204468188441,5.321612140486651,,0.0,9,E09,,,,,,,,,,
16-4_0_E9_1,3,2820.76807774806,30095.528605560423,20590.0,28.27706637032525,,525.5757495736468,112022.0808603845,1.0,5.36700576469957,,0.0,9,E09,,,,,,,,,,
16-4_0_E10_1,0,1526.0,0.0,0.0,0.0,0,0.0,0.0,0.0,0.0,0,0.0,10,E10,16_4,0.16973271349991276,0.0,,,,,,,
16-4_0_E10_1,1,1538.18675905947,22329.41091438732,12719.0,17.4862251844032,,583.807433578007,35964.96244127722,0.5678885565031031,2.6347502114392674,,0.0,10,E10,,,,,,,,,,
16-4_0_E10_1,2,2792.364979938777,29945.92516653199,4853.0,5.224210153225064,,526.0352359127287,21465.88435670338,0.21668080546501764,5.30832307287119,,0.0,10,E10,,,,,,,,,,
16-4_0_E10_1,3,2820.537932739492,30094.319473375042,22397.0,34.04808190705803,,514.8505371659896,126468.751450877,1.0,5.478362610370825,,0.0,10,E10,,,,,,,,,,
16-5_0_E11_1,0,1526.0,0.0,0.0,0.0,0,0.0,0.0,0.0,0.0,0,0.0,11,E11,16_5,0.09671370779565962,0.0,16_5,0.09695968972862948,0.0002629657475736539,0.2712114161149254,0.0,0.0,
16-5_0_E11_1,1,1537.926394967709,22327.55175568295,9537.0,16.56169486896466,,597.2925480447141,24958.55028789138,0.6276819797288403,2.5748293696317437,,0.0,11,E11,,,,,,,,,,
16-5_0_E11_1,2,2791.922369066936,29943.587778580295,2342.0,3.318036471892667,,499.7307038865952,7903.425719207784,0.15413979202316705,5.58685377414895,,0.0,11,E11,,,,,,,,,,
16-5_0_E11_1,3,2820.172506714534,30092.399501178115,15194.0,41.98369149717851,,531.0453719959409,81719.80890140662,1.0,5.310605562976435,,0.0,11,E11,,,,,,,,,,
16-5_0_E12_1,0,1526.0,0.0,0.0,0.0,0,0.0,0.0,0.0,0.0,0,0.0,12,E12,16_5,0.09720567166159934,0.0,,,,,,,
16-5_0_E12_1,1,1538.241831799616,22329.8041470352,7027.0,14.93739584780533,,620.7157527495458,17290.10883547321,0.4941631504922644,2.478174309232144,,0.0,12,E12,,,,,,,,,,
16-5_0_E12_1,2,2791.586067208146,29941.811673321106,2035.0,3.858129712388621,,515.8224612666675,7655.134683286447,0.14310829817158932,5.411912580063016,,0.0,12,E12,,,,,,,,,,
16-5_0_E12_1,3,2819.875904019709,30090.841038524184,14220.0,48.65458260219356,,533.1378939616926,78751.93445436141,1.0,5.289205543176649,,0.0,12,E12,,,,,,,,,,
16-6_0_F1_1,0,1526.0,0.0,0.0,0.0,0,0.0,0.0,0.0,0.0,0,0.0,1,F01,16_6,0.17209820421177477,0.0,16_6,0.16847230529595042,0.003876248989168077,2.300822667772476,0.0,0.0,
16-6_0_F1_1,1,1538.247151188184,22329.84212837597,12798.0,14.2942352414116,,593.1505366455117,34855.7508065572,0.5874954094748439,2.593350348947752,,0.0,1,F01,,,,,,,,,,
16-6_0_F1_1,2,2792.429835735434,29946.26764834754,4672.0,5.903821859264689,,508.1767733408422,21466.21575625088,0.2144693352919574,5.494996981813073,,0.0,1,F01,,,,,,,,,,
16-6_0_F1_1,3,2820.703876242473,30095.191309741364,21784.0,40.07569080786762,,515.9468130040276,124732.3634466035,1.0,5.467043899000601,,0.0,1,F01,,,,,,,,,,
16-6_0_F2_1,0,1526.0,0.0,0.0,0.0,0,0.0,0.0,0.0,0.0,0,0.0,2,F02,16_6,0.16484640638012604,0.0,,,,,,,
16-6_0_F2_1,1,1538.454995198882,22331.32611809329,15188.0,17.27566579047392,,561.8081685289314,43644.91963067781,0.6438048408291297,2.738399121584962,,0.0,2,F02,,,,,,,,,,
16-6_0_F2_1,2,2792.634336103754,29947.34752013704,4884.0,5.878027141378009,,507.6214620808141,22869.31005325166,0.20702810393794244,5.501411080328125,,0.0,2,F02,,,,,,,,,,
16-6_0_F2_1,3,2821.036805190585,30096.940378235347,23591.0,40.29086675374334,,501.0177686305285,138731.0197136866,1.0,5.630612289263808,,0.0,2,F02,,,,,,,,,,
16-7_0_F3_1,0,1526.0,0.0,0.0,0.0,0,0.0,0.0,0.0,0.0,0,0.0,3,F03,16_7,0.08417637380123279,0.0,16_7,0.0830891452858106,0.0011622961730976698,1.3988544100430875,0.0,0.0,
16-7_0_F3_1,1,1538.876381551056,22334.334472408496,17628.0,12.39845780247288,,497.9132803901035,54464.52680519233,0.753494336396666,3.090651408906752,,0.0,3,F03,,,,,,,,,,
16-7_0_F3_1,2,2792.869354079561,29948.588491783335,3480.0,2.228160222796404,,433.8773155757057,12033.62500678539,0.14874973284889934,6.437002474705879,,0.0,3,F03,,,,,,,,,,
16-7_0_F3_1,3,2821.527519739335,30099.51819505627,23395.0,30.9765278588864,,472.6023201132628,142957.2748667056,1.0,5.97019396574933,,0.0,3,F03,,,,,,,,,,
16-7_0_F4_1,0,1526.0,0.0,0.0,0.0,0,0.0,0.0,0.0,0.0,0,0.0,4,F04,16_7,0.08200191677038843,0.0,,,,,,,
16-7_0_F4_1,1,1538.748282875446,22333.419996534805,11839.0,12.70867055167796,,564.3067548896112,33507.06670114779,0.8132298392636351,2.7267940168046607,,0.0,4,F04,,,,,,,,,,
16-7_0_F4_1,2,2792.865619486757,29948.568772327882,2184.0,1.797274643545086,,459.8642723726431,6707.585935839424,0.15002060722626734,6.073238969135673,,0.0,4,F04,,,,,,,,,,
16-7_0_F4_1,3,2821.378222308822,30098.733931325558,14558.0,28.79742482313598,,500.4144401296398,81797.91643921168,1.0,5.63808314879543,,0.0,4,F04,,,,,,,,,,
16-8_0_F5_1,0,1526.0,0.0,0.0,0.0,0,0.0,0.0,0.0,0.0,0,0.0,5,F05,16_8,0.09860364581614853,0.0,16_8,0.0989935587213949,0.00041683442917655106,0.4210722743584559,0.0,0.0,
16-8_0_F5_1,1,1538.723215637869,22333.2410410527,7411.0,13.70200128352048,,591.1757832721333,19299.77906486448,0.8523289246693502,2.60281841573601,,0.0,5,F05,,,,,,,,,,
16-8_0_F5_1,2,2792.756862661876,29947.99450697425,1582.0,2.824784587318707,,486.5812043008107,4668.987737589398,0.181943645773433,5.739549407122922,,0.0,5,F05,,,,,,,,,,
16-8_0_F5_1,3,2821.304696400209,30098.34768986428,8695.0,33.46772683583609,,507.5526295522166,47351.06596661711,1.0,5.558644625463329,,0.0,5,F05,,,,,,,,,,
16-8_0_F6_1,0,1526.0,0.0,0.0,0.0,0,0.0,0.0,0.0,0.0,0,0.0,6,F06,16_8,0.09938347162664128,0.0,,,,,,,
16-8_0_F6_1,1,1538.667749231605,22332.845060097527,9364.0,10.99552554836305,,571.8662591408016,25739.84327913555,0.7767731231854003,2.6906076807947557,,0.0,6,F06,,,,,,,,,,
16-8_0_F6_1,2,2793.048809761859,29949.53604073695,2145.0,2.816963658364328,,498.9921046111089,6580.373692465137,0.17793446702613025,5.5973807680557,,0.0,6,F06,,,,,,,,,,
16-8_0_F6_1,3,2821.273224141288,30098.182360306655,12055.0,33.67437966792873,,510.7092273604494,66211.95239773819,1.0,5.524226062495018,,0.0,6,F06,,,,,,,,,,
16-9_0_F7_1,0,1526.0,0.0,0.0,0.0,0,0.0,0.0,0.0,0.0,0,0.0,7,F07,16_9,0.11440460710699538,0.0,16_9,0.11362473766851622,0.0008337154986292369,0.7337447071266132,0.0,0.0,
16-9_0_F7_1,1,1538.50974203345,22331.716989290573,13025.0,15.16284333142993,,578.9612703280467,37596.08183241137,0.649917668779003,2.657362108456255,,0.0,7,F07,,,,,,,,,,
16-9_0_F7_1,2,2792.666118356371,29947.51534390327,3302.0,2.804367700897438,,495.5421542964292,13001.49320046876,0.16476223741330273,5.635577304864,,0.0,7,F07,,,,,,,,,,
16-9_0_F7_1,3,2821.083970497754,30097.188156434968,20041.0,30.26836868512856,,515.3600079765793,113644.8393927815,1.0,5.474006377743535,,0.0,7,F07,,,,,,,,,,
16-9_0_F8_1,0,1526.0,0.0,0.0,0.0,0,0.0,0.0,0.0,0.0,0,0.0,8,F08,16_9,0.11284486823003706,0.0,,,,,,,
16-9_0_F8_1,1,1538.332120055954,22330.44881157693,13639.0,15.79387293741547,,580.5295703905042,39343.38361910866,0.5736215670606047,2.649877281912041,,0.0,8,F08,,,,,,,,,,
16-9_0_F8_1,2,2792.445837627875,29946.3521483805,3743.0,3.140087606338272,,519.569256120532,15342.59913494811,0.15742103713672878,5.374540169058946,,0.0,8,F08,,,,,,,,,,
16-9_0_F8_1,3,2820.766510175941,30095.520370044112,23777.0,33.56006974362378,,520.6828037573221,135961.8684978376,1.0,5.417437429891835,,0.0,8,F08,,,,,,,,,,
16-10_0_F9_1,0,1526.0,0.0,0.0,0.0,0,0.0,0.0,0.0,0.0,0,0.0,9,F09,16_10,0.07809336629237194,0.0,16_10,0.07641767089246408,0.0017913937345853553,2.344213993522817,0.0,0.0,
16-10_0_F9_1,1,1538.15170240685,22329.160597727914,11036.0,13.04767613315267,,590.2857191797993,30352.90122613918,0.5551866384948184,2.605774885667416,,0.0,9,F09,,,,,,,,,,
16-10_0_F9_1,2,2792.090024906336,29944.473175991006,3096.0,1.655709749454363,,474.8765710920947,8549.802512675546,0.1557500754603079,5.879612082114818,,0.0,9,F09,,,,,,,,,,
16-10_0_F9_1,3,2820.492821855878,30094.08246466975,19878.0,23.61862028743094,,513.3960617860517,109481.8025985221,1.0,5.493795203733499,,0.0,9,F09,,,,,,,,,,
16-10_0_F10_1,0,1526.0,0.0,0.0,0.0,0,0.0,0.0,0.0,0.0,0,0.0,10,F10,16_10,0.07474197549255622,0.0,,,,,,,
16-10_0_F10_1,1,1538.070701261782,22328.5822104345,9221.0,15.63722795938087,,593.4230124095923,24624.07218035173,0.5518913095523102,2.5918622451401925,,0.0,10,F10,,,,,,,,,,
16-10_0_F10_1,2,2792.035849384902,29944.187075772585,2425.0,1.741849554224422,,506.3030571514151,6771.444600249844,0.14514005266937993,5.514554593238246,,0.0,10,F10,,,,,,,,,,
16-10_0_F10_1,3,2820.24533360344,30092.782148470134,16708.0,25.4489787815146,,524.6124179702581,90597.61339763134,1.0,5.375864613565683,,0.0,10,F10,,,,,,,,,,
16-11_0_F11_1,0,1526.0,0.0,0.0,0.0,0,0.0,0.0,0.0,0.0,0,0.0,11,F11,16_11,0.16589644825262004,0.0,16_11,0.164168376675066,0.001847386223721526,1.1252996838593388,0.0,0.0,
16-11_0_F11_1,1,1537.888253497253,22327.27938892817,10644.0,15.88984047953498,,597.1483506946486,28219.91605559435,0.6785668749203111,2.5753872579707604,,0.0,11,F11,,,,,,,,,,
16-11_0_F11_1,2,2791.698315927742,29942.404502624107,3317.0,5.091907627003945,,532.7457635222013,14239.21639105996,0.21146245059288538,5.240207444298902,,0.0,11,F11,,,,,,,,,,
16-11_0_F11_1,3,2819.948655922519,30091.223312208138,15686.0,35.8007773898359,,530.7532586674164,85831.95445737986,1.0,5.313106626990247,,0.0,11,F11,,,,,,,,,,
16-11_0_F12_1,0,1526.0,0.0,0.0,0.0,0,0.0,0.0,0.0,0.0,0,0.0,12,F12,16_11,0.16244030509751195,0.0,,,,,,,
16-11_0_F12_1,1,1538.144142404384,22329.10661631034,8843.0,13.86844944612067,,628.4256288219586,21699.97498541382,0.6861421477343265,2.447615233783154,,0.0,12,F12,,,,,,,,,,
16-11_0_F12_1,2,2791.674344729141,29942.27790238211,2810.0,4.680568722997617,,522.2617403567143,11239.61390996519,0.21803227808814402,5.345354884358131,,0.0,12,F12,,,,,,,,,,
16-11_0_F12_1,3,2819.763042356654,30090.247998866318,12888.0,33.06452938474207,,544.2866871600404,69192.27283658521,1.0,5.180657746875112,,0.0,12,F12,,,,,,,,,,
16-12_0_G1_1,0,1526.0,0.0,0.0,0.0,0,0.0,0.0,0.0,0.0,0,0.0,1,G01,16_12,0.17552730749620798,0.0,16_12,0.17603430531046504,0.0005420034619397229,0.30789649834662164,0.0,0.0,
16-12_0_G1_1,1,1538.096404531239,22328.76574585768,17646.0,13.59894029936018,,571.2260204932079,50804.58778750656,0.8037715222738453,2.6926231462691703,,0.0,1,G01,,,,,,,,,,
16-12_0_G1_1,2,2792.055375452673,29944.290193004825,5378.0,3.943272938150433,,505.3343681010234,21544.62125631609,0.24496674865628132,5.525164231249164,,0.0,1,G01,,,,,,,,,,
16-12_0_G1_1,3,2820.334477748762,30093.25052312907,21954.0,25.23171693753734,,508.9663535092038,122742.2761941559,1.0,5.5412984734712145,,0.0,1,G01,,,,,,,,,,
16-12_0_G2_1,0,1526.0,0.0,0.0,0.0,0,0.0,0.0,0.0,0.0,0,0.0,2,G02,16_12,0.1765413031247221,0.0,,,,,,,
16-12_0_G2_1,1,1538.403828113966,22330.960798570486,22546.0,13.83183409112293,,523.8078725501011,70357.16001698484,0.772731946396134,2.936962021254885,,0.0,2,G02,,,,,,,,,,
16-12_0_G2_1,2,2792.710761956458,29947.751079400925,6985.0,4.056246916830268,,474.0824117471925,30976.68207698521,0.23940089796757721,5.890770660873386,,0.0,2,G02,,,,,,,,,,
16-12_0_G2_1,3,2820.882416147109,30096.129296227795,29177.0,26.32106156958365,,477.7427798381089,175464.2201496663,1.0,5.904605020096822,,0.0,2,G02,,,,,,,,,,
16-13_0_G3_1,0,1526.0,0.0,0.0,0.0,0,0.0,0.0,0.0,0.0,0,0.0,3,G03,16_13,0.10872180307102705,0.0,16_13,0.10824541832284885,0.000509276717703916,0.4704833937497158,0.0,0.0,
16-13_0_G3_1,1,1538.457781641822,22331.346012386486,16622.0,13.70619114388667,,545.0202559951503,49376.95010111673,0.8017944141623655,2.822753401766249,,0.0,3,G03,,,,,,,,,,
16-13_0_G3_1,2,2792.626958652218,29947.3085639272,3652.0,2.601211225450428,,490.5475334512154,13041.45222903878,0.1761613043268535,5.692877383369705,,0.0,3,G03,,,,,,,,,,
16-13_0_G3_1,3,2820.948928685189,30096.478722247048,20731.0,28.52430894498142,,501.1083746249994,119952.5013443615,1.0,5.629418847362558,,0.0,3,G03,,,,,,,,,,
16-13_0_G4_1,0,1526.0,0.0,0.0,0.0,0,0.0,0.0,0.0,0.0,0,0.0,4,G04,16_13,0.10776903357467066,0.0,,,,,,,
16-13_0_G4_1,1,1538.526417324039,22331.836043011775,9924.0,13.10850431220924,,581.2214539073434,27109.55906158468,0.7024846039498832,2.64705717068955,,0.0,4,G04,,,,,,,,,,
16-13_0_G4_1,2,2792.735940636358,29947.88403173929,2497.0,3.114263884114145,,521.0295569236479,8409.792360292995,0.17675373398456856,5.360033617143928,,0.0,4,G04,,,,,,,,,,
16-13_0_G4_1,3,2821.058608742957,30097.054921266812,14127.0,32.53503687403004,,517.9390127087757,78035.33242660142,1.0,5.446700363405852,,0.0,4,G04,,,,,,,,,,
250_0_G5_1,0,1527.742424724324,22254.706851513205,12513.0,63.93010073148705,,580.6700457217055,37221.75014450309,0.5034399517199759,2.630999198220252,,0.0,5,G05,250,3.612951138228171,2.5976667414688546,250,3.633841429972643,0.02233266126217833,0.6145744577067707,2.5696635625084436,0.029936657545827403,1.1650029981591816
250_0_G5_1,1,1538.729513089485,22333.285998817126,5295.0,24.70804658105156,,586.1244597300754,14328.9166197878,0.21303560651780326,2.62526070622971,,0.0,5,G05,,,,,,,,,,
250_0_G5_1,2,2792.590848827689,29947.11788731659,24855.0,104.8369538762211,,497.6852621488006,150146.8461274052,1.0,5.611158419219466,,0.0,5,G05,,,,,,,,,,
250_0_G5_1,3,2820.599058388068,30094.640619212987,6483.0,24.68499649475058,,544.9050155821989,41557.95093344074,0.2608328304164152,5.1763132614487395,,0.0,5,G05,,,,,,,,,,
250_0_G6_1,0,1527.657700669783,22254.099801913315,9840.0,69.6343339815135,,592.5165320511305,28034.18412188326,0.6667570131454127,2.5782532942691896,,0.0,6,G06,250,3.6547317217171154,2.5416603835480327,,,,,,,
250_0_G6_1,1,1538.638200268853,22332.63410376269,4208.0,27.06616194375338,,606.6838153441237,11029.87019955393,0.2851334869223472,2.5361451242870316,,0.0,6,G06,,,,,,,,,,
250_0_G6_1,2,2792.366805011041,29945.934804184602,14758.0,83.55114174903356,,501.4872271258591,87675.39292231524,1.0,5.568171339108177,,0.0,6,G06,,,,,,,,,,
250_0_G6_1,3,2820.407612508072,30093.634776836872,4001.0,20.10243911590544,,528.5610910107516,23989.55644304376,0.2711071960970321,5.336010653214542,,0.0,6,G06,,,,,,,,,,
125_0_G7_1,0,1527.544359466103,22253.287683257906,5016.0,33.90025809969799,,596.5922986599275,13979.23346754303,0.6270783847980997,2.5604493435421323,,0.0,7,G07,125,1.8648286796780948,1.3085379566321096,125,1.8388677514203997,0.02775339970939492,1.5092656711151369,1.3027881745466467,0.006146775603530491,0.47181696331174394
125_0_G7_1,1,1538.527420833448,22331.843207575545,4238.0,27.9108404088691,,607.6272838114317,10683.09359823426,0.5298162270283785,2.5320249136655093,,0.0,7,G07,,,,,,,,,,
125_0_G7_1,2,2792.140787423471,29944.741249624836,7999.0,42.38863991672003,,524.889525596329,44747.09138651306,1.0,5.319482769733896,,0.0,7,G07,,,,,,,,,,
125_0_G7_1,3,2820.213047136716,30092.61250942292,4280.0,21.09845794099082,,545.7894473043705,23995.28271639262,0.5350668833604201,5.167217983172121,,0.0,7,G07,,,,,,,,,,
125_0_G8_1,0,1527.412518902559,22252.342973673516,4643.0,28.3068381953596,,566.2335475759238,14276.99661913486,0.41315180637124044,2.6974956278049826,,0.0,8,G08,125,1.8129068231627046,1.297038392461184,,,,,,,
125_0_G8_1,1,1538.145709897633,22329.117808845163,4161.0,24.90182296946409,,584.2150484988481,11007.38166434971,0.37026161238654565,2.6328416459828077,,0.0,8,G08,,,,,,,,,,
125_0_G8_1,2,2791.810075719151,29942.994737702567,11238.0,53.21209228223656,,504.603912979355,67423.31934223528,1.0,5.532676231611729,,0.0,8,G08,,,,,,,,,,
125_0_G8_1,3,2819.865061141228,30090.784064368356,6124.0,27.35478747593966,,528.3675172203698,37190.72512762239,0.5449368214984873,5.336938720184663,,0.0,8,G08,,,,,,,,,,
62.5_0_G9_1,0,1527.361742023979,22251.97911864311,2471.0,12.73601160295522,,626.1126004898201,6751.015308543547,0.3874255252430229,2.4394361985832806,,0.0,9,G09,62.5,0.9710316550706691,0.7132095235708978,62.5,0.9688066417465783,0.002378639297078199,0.2455226042618736,0.7142832634079358,0.001147876169313418,0.16070321511339292
62.5_0_G9_1,1,1538.393388241834,22330.88625987662,3740.0,21.48168190823129,,601.8722484750239,9465.683064273398,0.5863907180934462,2.556013160832208,,0.0,9,G09,,,,,,,,,,
62.5_0_G9_1,2,2791.767919507395,29942.77210022795,6378.0,23.96373111667179,,521.8763628493052,34959.92084702961,1.0,5.349481444733557,,0.0,9,G09,,,,,,,,,,
62.5_0_G9_1,3,2819.821615176889,30090.55577542961,6324.0,23.67599347230058,,537.0995215128179,36002.86423668167,0.9915333960489181,5.250091467656602,,0.0,9,G09,,,,,,,,,,
62.5_0_G10_1,0,1527.240304867981,22251.108904097622,3305.0,15.11013668770532,,591.0256499668945,9995.355172499396,0.3953349282296651,2.5840508021158253,,0.0,10,G10,62.5,0.9665816284224874,0.7153570032449738,,,,,,,
62.5_0_G10_1,1,1537.876070289548,22327.19238839753,5251.0,26.40645862173319,,596.5037213862516,13972.54116078946,0.62811004784689,2.578150001672384,,0.0,10,G10,,,,,,,,,,
62.5_0_G10_1,2,2791.570948003792,29941.731821977948,8356.0,25.20207148926395,,519.9285240676517,46243.48889011114,0.9995215311004785,5.369143677988632,,0.0,10,G10,,,,,,,,,,
62.5_0_G10_1,3,2819.684361702269,30089.834558637842,8360.0,25.20320168723943,,533.5566124090889,47842.3006710597,1.0,5.284695749474395,,0.0,10,G10,,,,,,,,,,
31.25_0_G11_1,0,1527.407974338608,22252.31040865847,1736.0,8.139090011537444,,651.1192799511684,3108.410926025207,0.23236514522821577,2.3458189941068217,,0.0,11,G11,31.25,0.5249841324611125,0.2664125362010749,31.25,0.5223033610109021,0.002865865228274608,0.5486974509847713,0.2726865842140349,0.006707239455048076,2.4596880973739013
31.25_0_G11_1,1,1538.116101579596,22328.906392523746,4585.0,28.49560833683454,,610.9643464153237,11667.66012722139,0.6137063311471022,2.5175218662170664,,0.0,11,G11,,,,,,,,,,
31.25_0_G11_1,2,2791.465934522683,29941.177192330604,4209.0,14.50692247430507,,536.898020565988,21698.15878593835,0.5633783964663365,5.1992479532332245,,0.0,11,G11,,,,,,,,,,
31.25_0_G11_1,3,2819.44558489945,30088.579831488132,7471.0,28.2234279718211,,524.1199159029624,41331.07544454329,1.0,5.379390287129355,,0.0,11,G11,,,,,,,,,,
31.25_0_G12_1,0,1526.993756599312,22249.34204004355,1350.0,7.415909275796055,,640.4736748060094,2161.73885275266,0.23961661341853036,2.3841631852578753,,0.0,12,G12,31.25,0.5196225895606917,0.2789606322269949,,,,,,,
31.25_0_G12_1,1,1537.990555465545,22328.00991560174,3220.0,24.24280041167881,,622.630384595062,7749.261376041108,0.5715299964501243,2.4701501782085415,,0.0,12,G12,,,,,,,,,,
31.25_0_G12_1,2,2791.156893118965,29939.544926005772,3129.0,14.11286626536063,,530.0276296678173,15124.6716978935,0.5553780617678381,5.266059233304985,,0.0,12,G12,,,,,,,,,,
31.25_0_G12_1,3,2819.178087123034,30087.174117049617,5634.0,28.26404517271288,,556.3911029094671,29107.03268439592,1.0,5.066900014002839,,0.0,12,G12,,,,,,,,,,
15.6_0_H1_1,0,1527.488496800186,22252.88740180014,1454.0,4.630423777487432,,622.3238687323026,1946.391833671187,0.1515372589890568,2.454491260172518,,0.0,1,H01,15.6,0.26441010521002606,0.11759747524046271,15.6,0.2614026172567363,0.0032151398617300516,1.2299570277723368,0.12070840134631974,0.0033257198981965427,2.7551685393089174
15.6_0_H1_1,1,1537.88715111122,22327.27151678172,5907.0,31.77745162227334,,577.6939336987076,16551.30630730987,0.6156331422615946,2.662114073562861,,0.0,1,H01,,,,,,,,,,
15.6_0_H1_1,2,2791.464013660653,29941.167047181974,3035.0,7.789980232200652,,486.3221619289479,14293.63670703675,0.3163105784262637,5.739948191109762,,0.0,1,H01,,,,,,,,,,
15.6_0_H1_1,3,2819.506124932292,30088.8979630616,9595.0,31.30799350054173,,518.400827626937,54058.58711671794,1.0,5.438853440568438,,0.0,1,H01,,,,,,,,,,
15.6_0_H2_1,0,1527.68532692473,22254.297746468714,1870.0,5.892909085756127,,772.0439697091514,2779.288847068297,0.2108943272809293,1.9787543026859569,,0.0,2,H02,15.6,0.2583951293034465,0.12381932745217678,,,,,,,
15.6_0_H2_1,1,1538.308328013269,22330.278936562507,8079.0,38.82636769373074,,592.7080685730546,22446.3248529738,0.9111311604826886,2.5953895510765497,,0.0,2,H02,,,,,,,,,,
15.6_0_H2_1,2,2792.000504679831,29944.00041933166,2799.0,7.017185207743768,,447.0243321262855,12875.70101583536,0.315664824630653,6.245746157484518,,0.0,2,H02,,,,,,,,,,
15.6_0_H2_1,3,2819.918472084878,30091.06471233355,8867.0,29.27444949640467,,518.446542650273,49829.50356124853,1.0,5.439169210521869,,0.0,2,H02,,,,,,,,,,
7.8_0_H3_1,0,1527.58069058674,22253.548008325306,1243.0,2.444022207956824,,663.1328042640895,1348.648887081747,0.13927170868347338,2.303581847804936,,0.0,3,H03,7.8,0.1262100509945453,0.06053286126128853,7.8,0.1289975610930812,0.0029799736431126937,2.3101007630387866,0.057131791574309046,0.0036358964334914394,6.364051140882522
7.8_0_H3_1,1,1538.500751252184,22331.652799076295,8093.0,37.72653458836619,,591.962938135727,22279.61571583968,0.9067787114845939,2.5989815445159374,,0.0,3,H03,,,,,,,,,,
7.8_0_H3_1,2,2792.597924638166,29947.155250974043,1815.0,3.782268968681593,,471.6302929579503,6344.708428325816,0.20336134453781513,5.921158938124336,,0.0,3,H03,,,,,,,,,,
7.8_0_H3_1,3,2820.217362254138,30092.635181902217,8925.0,31.27601435453278,,507.4985987844444,50271.02341159841,1.0,5.5570938895380095,,0.0,3,H03,,,,,,,,,,
7.8_0_H4_1,0,1528.209266266586,22258.051475862234,1072.0,2.334860067939928,,674.5378942689408,1098.042035252507,0.13951067152524727,2.2655647358742503,,0.0,4,H04,7.8,0.1317850711916171,0.053730721887329566,,,,,,,
7.8_0_H4_1,1,1538.266297047917,22329.978832527726,7296.0,41.29509884235846,,587.0280735365222,20436.01866275019,0.9495054659031754,2.6204305490548454,,0.0,4,H04,,,,,,,,,,
7.8_0_H4_1,2,2792.44260513981,29946.335078834978,1544.0,3.653545772330515,,484.9780494926164,5679.676922468796,0.20093701197293076,5.757874213196373,,0.0,4,H04,,,,,,,,,,
7.8_0_H4_1,3,2820.303854403023,30093.089625028297,7684.0,31.72110310038658,,515.3517040668434,43098.02977767093,1.0,5.47258082615599,,0.0,4,H04,,,,,,,,,,
3.9_0_H5_1,0,1526.0,0.0,0.0,0.0,0,0.0,0.0,0.0,0.0,0,0.0,5,H05,3.9,0.06916600397030248,0.0,3.9,0.07395780235004262,0.005122647943853128,6.926446948230846,0.0,0.0,
3.9_0_H5_1,1,1538.252979211043,22329.8837413761,7578.0,39.10295164453741,,584.538335195955,21470.30222443202,0.8843505659936982,2.6315690290789466,,0.0,5,H05,,,,,,,,,,
3.9_0_H5_1,2,2792.859639150243,29948.537194833465,1277.0,2.112317423718956,,445.6611019785821,3324.75469114132,0.14902555724121835,6.266779009320998,,0.0,5,H05,,,,,,,,,,
3.9_0_H5_1,3,2820.387762268814,30093.530483179777,8569.0,34.28707095965534,,514.508272852624,48069.20308087852,1.0,5.481715088139481,,0.0,5,H05,,,,,,,,,,
3.9_0_H6_1,0,1526.0,0.0,0.0,0.0,0,0.0,0.0,0.0,0.0,0,0.0,6,H06,3.9,0.07874960072978276,0.0,,,,,,,
3.9_0_H6_1,1,1538.293016830558,22330.169614125745,7978.0,37.91238552569954,,578.989396571047,22742.88880584871,0.8374973756036111,2.656858702319596,,0.0,6,H06,,,,,,,,,,
3.9_0_H6_1,2,2793.022165585203,29949.395358027497,1426.0,2.153867999589741,,380.0440494957525,4282.046798110156,0.14969557001889566,7.349206412496187,,0.0,6,H06,,,,,,,,,,
3.9_0_H6_1,3,2820.291109514965,30093.0226618593,9526.0,33.26065991001909,,502.2067458140317,54375.4731252968,1.0,5.615796946222871,,0.0,6,H06,,,,,,,,,,
1.9_0_H7_1,0,1526.0,0.0,0.0,0.0,0,0.0,0.0,0.0,0.0,0,0.0,7,H07,1.9,0.05703115774130291,0.0,1.9,0.05782391193907342,0.0008474898857103076,1.4656391400901263,0.0,0.0,
1.9_0_H7_1,1,1538.280089002969,22330.077308508793,7922.0,33.21003108755218,,566.5205737733111,23140.63066727843,0.6791838134430727,2.7153119590295764,,0.0,7,H07,,,,,,,,,,
1.9_0_H7_1,2,2793.282958582808,29950.772330056097,1498.0,1.372121449735984,,390.3341104042254,3963.087178466147,0.12842935528120714,7.156133384525676,,0.0,7,H07,,,,,,,,,,
1.9_0_H7_1,3,2820.181328221243,30092.44585143587,11664.0,30.3410611550309,,491.044223537136,69489.86019962933,1.0,5.74323287606694,,0.0,7,H07,,,,,,,,,,
1.9_0_H8_1,0,1526.0,0.0,0.0,0.0,0,0.0,0.0,0.0,0.0,0,0.0,8,H08,1.9,0.058616666136843944,0.0,,,,,,,
1.9_0_H8_1,1,1538.151317239489,22329.157847483355,7923.0,31.04886837141429,,570.0751017820621,22809.06037155343,0.6754475703324808,2.698155580608955,,0.0,8,H08,,,,,,,,,,
1.9_0_H8_1,2,2792.977276595979,29949.15834017164,1565.0,1.305952223092134,,381.8778694119911,3950.82582844233,0.13341858482523444,7.313797159538354,,0.0,8,H08,,,,,,,,,,
1.9_0_H8_1,3,2819.950445209455,30091.232713924102,11730.0,27.51185702306498,,509.9173058471563,67401.06677542701,1.0,5.5302112967601715,,0.0,8,H08,,,,,,,,,,
0_0_H9_1,0,1526.0,0.0,0.0,0.0,0,0.0,0.0,0.0,0.0,0,0.0,9,H09,0,0.0,0.0,0,0.0,0.0,,0.0,0.0,
0_0_H9_1,1,1538.079363984738,22328.64406719459,9039.0,32.50985347820802,,552.6507535476179,26846.72061734565,0.6436658833582568,2.783094665322324,,0.0,9,H09,,,,,,,,,,
0_0_H9_1,2,2791.0,0.0,0.0,0.0,0,0.0,0.0,0.0,0.0,0,0.0,9,H09,,,,,,,,,,
0_0_H9_1,3,2819.76849366921,30090.276643453493,14043.0,31.10180453867534,,499.9788862466184,82458.59877039144,1.0,5.639775140981328,,0.0,9,H09,,,,,,,,,,
0_0_H10_1,0,1526.0,0.0,0.0,0.0,0,0.0,0.0,0.0,0.0,0,0.0,10,H10,0,0.0,0.0,,,,,,,
0_0_H10_1,1,1537.944468330246,22327.680815669384,6738.0,26.08146501141779,,560.9183718575483,19407.32418384793,0.6047931065433982,2.7418329395009096,,0.0,10,H10,,,,,,,,,,
0_0_H10_1,2,2791.0,0.0,0.0,0.0,0,0.0,0.0,0.0,0.0,0,0.0,10,H10,,,,,,,,,,
0_0_H10_1,3,2819.680060573959,30089.811957494647,11141.0,28.81091034261401,,502.7817824890011,63576.16576125832,1.0,5.608158765449388,,0.0,10,H10,,,,,,,,,,
